Participant_ID,Course_ID
144105,612/A2E_HEALTH_ENG_V2/DEC2018
163887,612/A2E_HEALTH_ENG_V2/DEC2018
143092,612/A2E_HEALTH_ENG_V2/DEC2018
145426,612/A2E_HEALTH_ENG_V2/DEC2018
143817,612/A2E_HEALTH_ENG_V2/DEC2018
140778,612/A2E_HEALTH_ENG_V2/DEC2018
149859,612/A2E_HEALTH_ENG_V2/DEC2018
141555,612/A2E_HEALTH_ENG_V2/DEC2018
143770,612/A2E_HEALTH_ENG_V2/DEC2018
144085,612/A2E_HEALTH_ENG_V2/DEC2018
142196,612/A2E_HEALTH_ENG_V2/DEC2018
142514,612/A2E_HEALTH_ENG_V2/DEC2018
148062,612/A2E_HEALTH_ENG_V2/DEC2018
147582,612/A2E_HEALTH_ENG_V2/DEC2018
148667,612/A2E_HEALTH_ENG_V2/DEC2018
143985,612/A2E_HEALTH_ENG_V2/DEC2018
142175,612/A2E_HEALTH_ENG_V2/DEC2018
162115,612/A2E_HEALTH_ENG_V2/DEC2018
149360,612/A2E_HEALTH_ENG_V2/DEC2018
149486,612/A2E_HEALTH_ENG_V2/DEC2018
165182,612/A2E_HEALTH_ENG_V2/DEC2018
148858,612/A2E_HEALTH_ENG_V2/DEC2018
142145,612/A2E_HEALTH_ENG_V2/DEC2018
150786,612/A2E_HEALTH_ENG_V2/DEC2018
148154,612/A2E_HEALTH_ENG_V2/DEC2018
144186,612/A2E_HEALTH_ENG_V2/DEC2018
146130,612/A2E_HEALTH_ENG_V2/DEC2018
118625,612/A2E_HEALTH_ENG_V2/DEC2018
161923,612/A2E_HEALTH_ENG_V2/DEC2018
188184,612/A2E_HEALTH_ENG_V2/DEC2018
150657,612/A2E_HEALTH_ENG_V2/DEC2018
150179,612/A2E_HEALTH_ENG_V2/DEC2018
148836,612/A2E_HEALTH_ENG_V2/DEC2018
160661,612/A2E_HEALTH_ENG_V2/DEC2018
164290,612/A2E_HEALTH_ENG_V2/DEC2018
163960,612/A2E_HEALTH_ENG_V2/DEC2018
162547,612/A2E_HEALTH_ENG_V2/DEC2018
162551,612/A2E_HEALTH_ENG_V2/DEC2018
137571,612/A2E_HEALTH_ENG_V2/DEC2018
143718,612/A2E_HEALTH_ENG_V2/DEC2018
148569,612/A2E_HEALTH_ENG_V2/DEC2018
148101,612/A2E_HEALTH_ENG_V2/DEC2018
161792,612/A2E_HEALTH_ENG_V2/DEC2018
143192,612/A2E_HEALTH_ENG_V2/DEC2018
150169,612/A2E_HEALTH_ENG_V2/DEC2018
144115,612/A2E_HEALTH_ENG_V2/DEC2018
150770,612/A2E_HEALTH_ENG_V2/DEC2018
123493,612/A2E_HEALTH_ENG_V2/DEC2018
142359,612/A2E_HEALTH_ENG_V2/DEC2018
151064,612/A2E_HEALTH_ENG_V2/DEC2018
154388,612/A2E_HEALTH_ENG_V2/DEC2018
159813,612/A2E_HEALTH_ENG_V2/DEC2018
156537,612/A2E_HEALTH_ENG_V2/DEC2018
154476,612/A2E_HEALTH_ENG_V2/DEC2018
159337,612/A2E_HEALTH_ENG_V2/DEC2018
151236,612/A2E_HEALTH_ENG_V2/DEC2018
156986,612/A2E_HEALTH_ENG_V2/DEC2018
163204,612/A2E_HEALTH_ENG_V2/DEC2018
151512,612/A2E_HEALTH_ENG_V2/DEC2018
155006,612/A2E_HEALTH_ENG_V2/DEC2018
157600,612/A2E_HEALTH_ENG_V2/DEC2018
155525,612/A2E_HEALTH_ENG_V2/DEC2018
158433,612/A2E_HEALTH_ENG_V2/DEC2018
153359,612/A2E_HEALTH_ENG_V2/DEC2018
163098,612/A2E_HEALTH_ENG_V2/DEC2018
163064,612/A2E_HEALTH_ENG_V2/DEC2018
159427,612/A2E_HEALTH_ENG_V2/DEC2018
154444,612/A2E_HEALTH_ENG_V2/DEC2018
154090,612/A2E_HEALTH_ENG_V2/DEC2018
152412,612/A2E_HEALTH_ENG_V2/DEC2018
156358,612/A2E_HEALTH_ENG_V2/DEC2018
162558,612/A2E_HEALTH_ENG_V2/DEC2018
162995,612/A2E_HEALTH_ENG_V2/DEC2018
163463,612/A2E_HEALTH_ENG_V2/DEC2018
156633,612/A2E_HEALTH_ENG_V2/DEC2018
154629,612/A2E_HEALTH_ENG_V2/DEC2018
155239,612/A2E_HEALTH_ENG_V2/DEC2018
155883,612/A2E_HEALTH_ENG_V2/DEC2018
159320,612/A2E_HEALTH_ENG_V2/DEC2018
151218,612/A2E_HEALTH_ENG_V2/DEC2018
155138,612/A2E_HEALTH_ENG_V2/DEC2018
159505,612/A2E_HEALTH_ENG_V2/DEC2018
154699,612/A2E_HEALTH_ENG_V2/DEC2018
158704,612/A2E_HEALTH_ENG_V2/DEC2018
